country,subnational1,umd_tree_cover_density__threshold,umd_tree_cover_extent_2000__ha,whrc_aboveground_biomass_stock_2000__Mg,avg_whrc_aboveground_biomass_2000_Mg_ha-1,gfw_gross_emissions_co2e_all_gases__Mg_yr-1,gfw_gross_cumulative_aboveground_belowground_co2_removals__Mg_yr-1,gfw_net_flux_co2e__Mg_yr-1,gfw_gross_emissions_co2e_all_gases_2001__Mg,gfw_gross_emissions_co2e_all_gases_2002__Mg,gfw_gross_emissions_co2e_all_gases_2003__Mg,gfw_gross_emissions_co2e_all_gases_2004__Mg,gfw_gross_emissions_co2e_all_gases_2005__Mg,gfw_gross_emissions_co2e_all_gases_2006__Mg,gfw_gross_emissions_co2e_all_gases_2007__Mg,gfw_gross_emissions_co2e_all_gases_2008__Mg,gfw_gross_emissions_co2e_all_gases_2009__Mg,gfw_gross_emissions_co2e_all_gases_2010__Mg,gfw_gross_emissions_co2e_all_gases_2011__Mg,gfw_gross_emissions_co2e_all_gases_2012__Mg,gfw_gross_emissions_co2e_all_gases_2013__Mg,gfw_gross_emissions_co2e_all_gases_2014__Mg,gfw_gross_emissions_co2e_all_gases_2015__Mg,gfw_gross_emissions_co2e_all_gases_2016__Mg,gfw_gross_emissions_co2e_all_gases_2017__Mg,gfw_gross_emissions_co2e_all_gases_2018__Mg,gfw_gross_emissions_co2e_all_gases_2019__Mg,gfw_gross_emissions_co2e_all_gases_2020__Mg
India,Andaman and Nicobar,0,761084,189162049,249,,,,,,,,,,,,,,,,,,,,,,,
India,Andaman and Nicobar,10,690589,188896487,274,,,,,,,,,,,,,,,,,,,,,,,
India,Andaman and Nicobar,15,688662,188686368,274,,,,,,,,,,,,,,,,,,,,,,,
India,Andaman and Nicobar,20,687428,188539858,274,,,,,,,,,,,,,,,,,,,,,,,
India,Andaman and Nicobar,25,686301,188408418,275,,,,,,,,,,,,,,,,,,,,,,,
India,Andaman and Nicobar,30,684402,188174530,275,550376,2421546,-1871170,978135,1349046,1162755,116391,2246344,446467,427216,858774,508877,462085,61072,327482,311364,774365,31644,90255,152027,60845,98073,544294
India,Andaman and Nicobar,50,675930,186987778,277,546489,2372913,-1826425,976817,1346727,1161646,116033,2238836,445119,422579,856911,506366,459957,60835,324611,308097,754572,31385,88745,150427,59951,95503,524655
India,Andaman and Nicobar,75,646075,181498354,281,525536,2208322,-1682786,967083,1335006,1149959,112429,2187816,437613,399606,841288,487319,440953,59698,312983,300347,679692,28939,76171,135173,52264,80820,425558
India,Andhra Pradesh,0,16004980,256576857,16,,,,,,,,,,,,,,,,,,,,,,,
India,Andhra Pradesh,10,1716644,254248027,148,,,,,,,,,,,,,,,,,,,,,,,
India,Andhra Pradesh,15,1498509,234593595,157,,,,,,,,,,,,,,,,,,,,,,,
India,Andhra Pradesh,20,1410649,225884710,160,,,,,,,,,,,,,,,,,,,,,,,
India,Andhra Pradesh,25,1299843,214702645,165,,,,,,,,,,,,,,,,,,,,,,,
India,Andhra Pradesh,30,1105912,195682851,177,758759,3117891,-2359132,351131,260576,680701,557532,534995,600163,758876,1245969,1152210,437640,1488921,610914,480329,837673,491517,1014936,1269665,917920,853376,630132
India,Andhra Pradesh,50,745727,148957173,200,647781,1990675,-1342895,317038,226389,593386,476414,471772,500757,646078,1084288,1017467,392005,1304280,525375,389820,699604,412540,836521,1095203,749457,700636,516587
India,Andhra Pradesh,75,254490,60997379,240,341106,537674,-196568,249785,164081,385336,294195,334222,297907,377025,679178,650991,254196,734367,324406,157978,268531,161424,284291,455738,265433,276780,206251
India,Arunachal Pradesh,0,8199543,1886291949,230,,,,,,,,,,,,,,,,,,,,,,,
India,Arunachal Pradesh,10,6432835,1858631848,289,,,,,,,,,,,,,,,,,,,,,,,
India,Arunachal Pradesh,15,6371294,1851070606,291,,,,,,,,,,,,,,,,,,,,,,,
India,Arunachal Pradesh,20,6355242,1849075995,291,,,,,,,,,,,,,,,,,,,,,,,
India,Arunachal Pradesh,25,6345321,1847982501,291,,,,,,,,,,,,,,,,,,,,,,,
India,Arunachal Pradesh,30,6307313,1842480088,292,5778646,2849228,2929417,4382807,3612264,3145202,6469680,4724700,4991094,4981517,5810514,4590477,2998896,6324220,7277936,4830380,6760889,6515648,10259779,10166369,6020082,5056059,6654399
India,Arunachal Pradesh,50,6002878,1779132264,296,5644377,2215173,3429204,4339630,3585953,3117926,6374804,4685343,4936301,4927851,5757295,4546576,2963901,6221885,7122648,4688020,6526981,6291675,9941606,9815790,5801196,4842426,6399727
India,Arunachal Pradesh,75,5214282,1596624707,306,5089776,858348,4231428,4135769,3429436,2972297,5992260,4478049,4670841,4674250,5458162,4328647,2781530,5793591,6516841,4053159,5596177,5395819,8664575,8431168,4898919,4076519,5447510
India,Assam,0,7849232,587625753,75,,,,,,,,,,,,,,,,,,,,,,,
India,Assam,10,3164948,584039213,185,,,,,,,,,,,,,,,,,,,,,,,
India,Assam,15,3004213,567716115,189,,,,,,,,,,,,,,,,,,,,,,,
India,Assam,20,2949707,561700450,190,,,,,,,,,,,,,,,,,,,,,,,
India,Assam,25,2865905,552026813,193,,,,,,,,,,,,,,,,,,,,,,,
India,Assam,30,2750134,539011429,196,5959447,8192026,-2232579,3038907,3585329,2514321,5984689,3773620,4112701,5590429,7295599,7272623,4788187,6347171,7470159,3554586,9035265,5642017,11091803,8138774,6534480,5182719,8235560
India,Assam,50,2290018,480720300,210,5658852,6375877,-717025,2953366,3482698,2427036,5777908,3616481,3923028,5372772,7025683,7041365,4560954,6062240,7084048,3317124,8426494,5326521,10483340,7687360,6073250,4857111,7678256
India,Assam,75,1335358,316941309,237,3982931,3104313,878618,2480786,2797441,1954801,4682854,2820155,3073924,4284290,5588222,5651342,3439506,4546826,5371381,2094322,4848743,3389363,6634919,4866178,3644297,2972188,4517072
India,Bihar,0,9423241,64482855,7,,,,,,,,,,,,,,,,,,,,,,,
India,Bihar,10,392645,62635328,160,,,,,,,,,,,,,,,,,,,,,,,
India,Bihar,15,257626,45627707,177,,,,,,,,,,,,,,,,,,,,,,,
India,Bihar,20,233146,42482159,182,,,,,,,,,,,,,,,,,,,,,,,
India,Bihar,25,194110,37193854,192,,,,,,,,,,,,,,,,,,,,,,,
India,Bihar,30,153842,31965834,208,26898,427379,-400481,60415,18324,14946,27510,48136,31320,22020,40416,105393,49976,31268,47434,5815,4600,513,2510,15548,4327,1318,6166
India,Bihar,50,87360,21981782,252,19225,216275,-197050,48397,13489,11226,18487,38017,23355,15620,28780,68526,37074,23394,30881,3084,2597,0,1023,14322,3354,925,1944
India,Bihar,75,31623,9213649,291,7644,68507,-60863,21979,5106,5770,5700,13936,10552,6573,13733,15654,16708,11239,16179,709,656,0,94,6511,514,30,1231
India,Chandigarh,0,11812,120090,10,,,,,,,,,,,,,,,,,,,,,,,
India,Chandigarh,10,930,117492,126,,,,,,,,,,,,,,,,,,,,,,,
India,Chandigarh,15,848,109910,130,,,,,,,,,,,,,,,,,,,,,,,
India,Chandigarh,20,809,106208,131,,,,,,,,,,,,,,,,,,,,,,,
India,Chandigarh,25,753,100880,134,,,,,,,,,,,,,,,,,,,,,,,
India,Chandigarh,30,702,96280,137,233,4232,-3999,43,0,0,496,400,1565,1084,571,210,69,144,82,0,0,0,0,0,0,0,0
India,Chandigarh,50,469,67443,144,201,2879,-2678,43,0,0,480,358,1209,1019,549,88,69,122,82,0,0,0,0,0,0,0,0
India,Chandigarh,75,108,16456,153,119,722,-603,0,0,0,393,234,672,653,300,66,0,0,56,0,0,0,0,0,0,0,0
India,Chhattisgarh,0,13543155,698260955,52,,,,,,,,,,,,,,,,,,,,,,,
India,Chhattisgarh,10,3860130,695543918,180,,,,,,,,,,,,,,,,,,,,,,,
India,Chhattisgarh,15,3431974,638086760,186,,,,,,,,,,,,,,,,,,,,,,,
India,Chhattisgarh,20,3276040,615973640,188,,,,,,,,,,,,,,,,,,,,,,,
India,Chhattisgarh,25,3055625,582528076,191,,,,,,,,,,,,,,,,,,,,,,,
India,Chhattisgarh,30,2663574,522055871,196,1064146,9156015,-8091869,1283132,888299,556501,1013146,1082116,1078422,971318,889078,1005021,622843,3319197,1592329,681950,782444,667348,1145172,851233,1198239,1075967,579163
India,Chhattisgarh,50,1472430,300713509,204,736877,5142760,-4405883,1030346,625406,355966,594226,703665,661421,677010,563831,735875,407116,2172782,980479,473433,521480,479730,917675,651911,937897,845471,401809
India,Chhattisgarh,75,89636,19544856,218,140354,309308,-168954,509374,189668,80807,94035,133133,106649,163696,99312,215200,86499,376453,254367,54737,37656,52624,91956,70050,81531,79882,29447
India,Dadra and Nagar Haveli,0,49152,1072560,22,,,,,,,,,,,,,,,,,,,,,,,
India,Dadra and Nagar Haveli,10,7197,1020863,142,,,,,,,,,,,,,,,,,,,,,,,
India,Dadra and Nagar Haveli,15,3567,573503,161,,,,,,,,,,,,,,,,,,,,,,,
India,Dadra and Nagar Haveli,20,3116,496115,159,,,,,,,,,,,,,,,,,,,,,,,
India,Dadra and Nagar Haveli,25,1392,220341,158,,,,,,,,,,,,,,,,,,,,,,,
India,Dadra and Nagar Haveli,30,457,90670,198,7,893,-887,0,0,0,103,0,33,0,0,0,0,0,0,0,0,0,0,0,0,0,0
India,Dadra and Nagar Haveli,50,1,121,238,0,1,-1,0,0,0,0,0,0,0,0,0,0,0,0,0,0,0,0,0,0,0,0
India,Dadra and Nagar Haveli,75,0,0,0,0,0,0,0,0,0,0,0,0,0,0,0,0,0,0,0,0,0,0,0,0,0,0
India,Daman and Diu,0,8354,100009,12,,,,,,,,,,,,,,,,,,,,,,,
India,Daman and Diu,10,816,97175,119,,,,,,,,,,,,,,,,,,,,,,,
India,Daman and Diu,15,259,34907,135,,,,,,,,,,,,,,,,,,,,,,,
India,Daman and Diu,20,226,31201,138,,,,,,,,,,,,,,,,,,,,,,,
India,Daman and Diu,25,25,4093,163,,,,,,,,,,,,,,,,,,,,,,,
India,Daman and Diu,30,18,3066,173,2,53,-52,0,0,0,0,0,0,0,0,0,0,32,0,0,0,0,0,0,0,0,0
India,Daman and Diu,50,0,0,0,0,0,0,0,0,0,0,0,0,0,0,0,0,0,0,0,0,0,0,0,0,0,0
India,Daman and Diu,75,0,0,0,0,0,0,0,0,0,0,0,0,0,0,0,0,0,0,0,0,0,0,0,0,0,0
India,Goa,0,369568,38386211,104,,,,,,,,,,,,,,,,,,,,,,,
India,Goa,10,198726,38158298,192,,,,,,,,,,,,,,,,,,,,,,,
India,Goa,15,178016,35800009,201,,,,,,,,,,,,,,,,,,,,,,,
India,Goa,20,172993,35112054,203,,,,,,,,,,,,,,,,,,,,,,,
India,Goa,25,160996,33251511,207,,,,,,,,,,,,,,,,,,,,,,,
India,Goa,30,146466,31232237,213,20068,583758,-563691,3532,2328,5122,6890,19649,14756,28031,36066,32351,2287,59042,18417,8906,11945,6106,38866,29544,25679,21267,30567
India,Goa,50,87149,20324046,233,13863,297135,-283272,3338,1238,2424,5550,14043,10225,24460,29473,27604,885,51291,14996,4963,7670,4969,21904,15610,14289,10115,12210
India,Goa,75,26048,6695342,257,5131,75865,-70734,2331,608,1154,3202,5197,4344,9987,12516,11317,85,16861,5783,1413,2232,2035,5394,5879,6256,4192,1839
India,Gujarat,0,18572011,26633227,1,,,,,,,,,,,,,,,,,,,,,,,
India,Gujarat,10,168453,25624357,152,,,,,,,,,,,,,,,,,,,,,,,
India,Gujarat,15,82478,14054385,170,,,,,,,,,,,,,,,,,,,,,,,
India,Gujarat,20,69116,11891216,172,,,,,,,,,,,,,,,,,,,,,,,
India,Gujarat,25,37329,6617579,177,,,,,,,,,,,,,,,,,,,,,,,
India,Gujarat,30,17927,3463306,193,2301,54147,-51846,4568,983,980,1961,2151,1634,3237,8818,3839,1910,4238,7053,1846,2549,0,0,0,142,111,0
India,Gujarat,50,969,216202,223,1241,2754,-1513,3470,431,505,1186,1011,712,1694,6636,2386,1132,2261,3189,0,211,0,0,0,0,0,0
India,Gujarat,75,91,21737,239,305,260,46,689,215,41,273,155,38,369,2861,597,346,90,430,0,0,0,0,0,0,0,0
India,Haryana,0,4402448,10151294,2,,,,,,,,,,,,,,,,,,,,,,,
India,Haryana,10,50010,9828273,197,,,,,,,,,,,,,,,,,,,,,,,
India,Haryana,15,47675,9561483,201,,,,,,,,,,,,,,,,,,,,,,,
India,Haryana,20,46391,9406835,203,,,,,,,,,,,,,,,,,,,,,,,
India,Haryana,25,44665,9182021,206,,,,,,,,,,,,,,,,,,,,,,,
India,Haryana,30,42647,8941808,210,7737,121458,-113721,8977,5303,5268,19229,8134,15137,15080,9273,21048,15191,6405,19390,957,899,0,500,6,6,3061,881
India,Haryana,50,33018,7393268,224,6237,93226,-86989,7505,3679,3852,16416,5786,11640,11165,6996,18456,12905,4523,17029,527,686,0,332,6,6,2722,513
India,Haryana,75,16610,4048301,244,3887,53676,-49790,5677,2014,1599,11421,3109,6341,5552,4328,14011,8129,3148,10045,296,443,0,0,6,6,1279,325
India,Himachal Pradesh,0,5560349,365683427,66,,,,,,,,,,,,,,,,,,,,,,,
India,Himachal Pradesh,10,1554236,351497904,226,,,,,,,,,,,,,,,,,,,,,,,
India,Himachal Pradesh,15,1479500,341275092,231,,,,,,,,,,,,,,,,,,,,,,,
India,Himachal Pradesh,20,1454343,337306542,232,,,,,,,,,,,,,,,,,,,,,,,
India,Himachal Pradesh,25,1418382,332050631,234,,,,,,,,,,,,,,,,,,,,,,,
India,Himachal Pradesh,30,1367108,324372202,237,122758,3464348,-3341591,167458,192660,41663,383905,179014,103908,183107,133604,231168,113650,26501,372912,29880,25456,5164,5605,43165,93738,87891,34709
India,Himachal Pradesh,50,1075540,269408612,250,112960,2769206,-2656246,153821,182135,38610,364303,167194,93533,168118,125614,216491,106147,23698,344438,24151,18925,3151,3840,37839,84434,74377,28388
India,Himachal Pradesh,75,548232,148703008,271,82374,1443021,-1360647,109206,143364,27650,274769,126777,65999,118587,95517,177502,80907,17397,254131,11922,8302,610,1380,26146,58796,36193,12330
India,Jammu and Kashmir,0,10566005,281017884,27,,,,,,,,,,,,,,,,,,,,,,,
India,Jammu and Kashmir,10,1302403,265899565,204,,,,,,,,,,,,,,,,,,,,,,,
India,Jammu and Kashmir,15,1192437,250428047,210,,,,,,,,,,,,,,,,,,,,,,,
India,Jammu and Kashmir,20,1163216,246078458,212,,,,,,,,,,,,,,,,,,,,,,,
India,Jammu and Kashmir,25,1119102,239802913,214,,,,,,,,,,,,,,,,,,,,,,,
India,Jammu and Kashmir,30,1073020,231961488,216,99797,4109850,-4010054,45744,213861,69248,424821,83852,248977,98628,134249,122146,137251,37283,215117,12169,18010,501,1887,44256,46166,15829,25940
India,Jammu and Kashmir,50,795512,184369735,232,89557,3023536,-2933979,40964,201438,60891,384033,75559,214460,83905,121152,111135,119237,32274,200293,7996,12760,115,1487,43178,42419,14250,23592
India,Jammu and Kashmir,75,423043,107082974,253,61212,1543079,-1481868,25767,160399,31574,256489,55353,132400,44596,88882,76225,73783,18804,155290,2947,4225,30,377,38218,34679,9640,14553
India,Jharkhand,0,8003988,185131572,23,,,,,,,,,,,,,,,,,,,,,,,
India,Jharkhand,10,1165335,183513469,157,,,,,,,,,,,,,,,,,,,,,,,
India,Jharkhand,15,904607,151509228,167,,,,,,,,,,,,,,,,,,,,,,,
India,Jharkhand,20,836921,142738163,171,,,,,,,,,,,,,,,,,,,,,,,
India,Jharkhand,25,716768,125570653,175,,,,,,,,,,,,,,,,,,,,,,,
India,Jharkhand,30,556330,102615226,184,128370,1774549,-1646179,347500,37607,18237,82620,137224,241759,110638,149684,435104,170643,88770,148101,54161,60563,40523,73733,136125,71123,73628,89658
India,Jharkhand,50,109017,24733223,227,81101,336706,-255605,321299,19622,9743,52499,115469,194825,81362,78019,377942,108554,64710,89615,8304,9772,7543,15187,21935,12979,11339,21309
India,Jharkhand,75,2053,536631,261,29711,5050,24661,193946,4499,2713,12784,49106,68187,24628,15613,145836,36281,20901,16212,463,1388,349,338,235,221,384,129
India,Karnataka,0,19137912,579107776,30,,,,,,,,,,,,,,,,,,,,,,,
India,Karnataka,10,2741138,576058838,210,,,,,,,,,,,,,,,,,,,,,,,
India,Karnataka,15,2582050,556498692,216,,,,,,,,,,,,,,,,,,,,,,,
India,Karnataka,20,2507158,546752620,218,,,,,,,,,,,,,,,,,,,,,,,
India,Karnataka,25,2417109,534009064,221,,,,,,,,,,,,,,,,,,,,,,,
India,Karnataka,30,2276202,513875237,226,1166156,8284131,-7117976,998222,537176,650370,723743,1187880,590945,2197651,1279600,1248499,514994,946812,1402318,1112570,1171723,776898,1745186,1617552,1891055,1312608,1417308
India,Karnataka,50,1758402,423072806,241,935103,5896597,-4961494,948770,492918,577667,640781,1049767,507249,1946975,1111756,1128251,483935,807508,1232803,779912,824809,546516,1204725,1099113,1384580,942728,991289
India,Karnataka,75,573872,154141046,269,383510,1539354,-1155844,733602,297424,349515,369179,531219,258287,964338,488049,606013,302190,311028,606500,198266,215869,119635,280495,238101,298728,254062,247701
India,Kerala,0,3770052,630460735,167,,,,,,,,,,,,,,,,,,,,,,,
India,Kerala,10,2878531,626218247,218,,,,,,,,,,,,,,,,,,,,,,,
India,Kerala,15,2813974,616899033,219,,,,,,,,,,,,,,,,,,,,,,,
India,Kerala,20,2777102,611155460,220,,,,,,,,,,,,,,,,,,,,,,,
India,Kerala,25,2725406,602889959,221,,,,,,,,,,,,,,,,,,,,,,,
India,Kerala,30,2598221,582189901,224,2039447,12354576,-10315128,379556,517816,908725,809758,764186,987027,2295839,1637235,559826,104493,2669268,2056412,1566673,2177658,1583223,4158843,5625800,3638463,4323642,4024499
India,Kerala,50,2207800,510561252,231,1854089,10257286,-8403197,361943,480012,842182,747110,705790,889753,2087867,1506716,510917,95540,2436407,1882746,1411926,1991712,1465361,3764153,5146571,3197320,3904903,3652844
India,Kerala,75,1138792,287809846,253,1003529,4683371,-3679842,246813,298735,569708,462600,418413,498528,1107487,826434,262044,42622,1220325,1068645,795917,1164216,925822,1911444,2665502,1598058,2065088,1922169
India,Lakshadweep,0,3482,0,0,,,,,,,,,,,,,,,,,,,,,,,
India,Lakshadweep,10,0,0,0,,,,,,,,,,,,,,,,,,,,,,,
India,Lakshadweep,15,0,0,0,,,,,,,,,,,,,,,,,,,,,,,
India,Lakshadweep,20,0,0,0,,,,,,,,,,,,,,,,,,,,,,,
India,Lakshadweep,25,0,0,0,,,,,,,,,,,,,,,,,,,,,,,
India,Lakshadweep,30,0,0,0,0,0,0,0,0,0,0,0,0,0,0,0,0,0,0,0,0,0,0,0,0,0,0
India,Lakshadweep,50,0,0,0,0,0,0,0,0,0,0,0,0,0,0,0,0,0,0,0,0,0,0,0,0,0,0
India,Lakshadweep,75,0,0,0,0,0,0,0,0,0,0,0,0,0,0,0,0,0,0,0,0,0,0,0,0,0,0
India,Madhya Pradesh,0,30805387,393112123,13,,,,,,,,,,,,,,,,,,,,,,,
India,Madhya Pradesh,10,2304152,388502897,169,,,,,,,,,,,,,,,,,,,,,,,
India,Madhya Pradesh,15,1780312,317686401,178,,,,,,,,,,,,,,,,,,,,,,,
India,Madhya Pradesh,20,1636993,296551291,181,,,,,,,,,,,,,,,,,,,,,,,
India,Madhya Pradesh,25,1377052,257289489,187,,,,,,,,,,,,,,,,,,,,,,,
India,Madhya Pradesh,30,1078084,211432490,196,199936,4257149,-4057213,277410,163788,145213,220665,304025,358734,230606,248299,230252,93105,401895,176803,171840,200741,127726,182154,125414,131135,45892,163027
India,Madhya Pradesh,50,441156,96773967,219,109548,1694540,-1584991,187015,97673,77082,114492,161030,196830,115771,144714,155997,68147,252364,72601,69768,91887,50048,76115,49956,65375,26370,117731
India,Madhya Pradesh,75,15065,3641746,242,18213,54974,-36761,92698,46159,23157,30970,26618,30213,19662,15189,23117,10025,26074,8407,1098,2979,644,1167,1120,3930,308,726
India,Maharashtra,0,30733885,380784776,12,,,,,,,,,,,,,,,,,,,,,,,
India,Maharashtra,10,2429365,375905845,155,,,,,,,,,,,,,,,,,,,,,,,
India,Maharashtra,15,1806355,303047228,168,,,,,,,,,,,,,,,,,,,,,,,
India,Maharashtra,20,1677774,285416545,170,,,,,,,,,,,,,,,,,,,,,,,
India,Maharashtra,25,1408073,246381488,175,,,,,,,,,,,,,,,,,,,,,,,
India,Maharashtra,30,1073403,200983189,187,399896,3828120,-3428224,443970,289382,207023,615428,378641,336077,368840,409907,698520,182125,914655,541967,190967,368296,181945,396852,345802,359818,460480,307220
India,Maharashtra,50,535223,108695870,203,226585,1881021,-1654436,351687,193726,120513,393126,240100,180132,238640,254039,433229,118695,563253,269350,74016,169867,102475,176094,129291,140294,233768,149413
India,Maharashtra,75,12215,2695303,221,30264,40239,-9975,162802,33463,16678,69391,38537,22009,35295,28758,57005,14272,56552,34453,3331,6654,2690,4535,2053,4077,8384,4334
India,Manipur,0,2232073,440558987,197,,,,,,,,,,,,,,,,,,,,,,,
India,Manipur,10,1764568,438870077,249,,,,,,,,,,,,,,,,,,,,,,,
India,Manipur,15,1741041,435960743,250,,,,,,,,,,,,,,,,,,,,,,,
India,Manipur,20,1732528,434945560,251,,,,,,,,,,,,,,,,,,,,,,,
India,Manipur,25,1718105,433212513,252,,,,,,,,,,,,,,,,,,,,,,,
India,Manipur,30,1703677,431416597,253,5007857,4515705,492153,2028973,2190872,2298580,2547397,2348931,2641006,2067290,3128671,3019379,2121849,3124268,4361022,6085506,7893445,7772554,11721947,10722640,7742281,7908037,8432500
India,Manipur,50,1611547,417821621,259,4813705,4201974,611731,2001940,2169739,2262064,2511286,2304906,2597080,2032795,3095500,2969839,2092086,3068842,4228990,5793380,7531600,7400178,11219838,10213064,7312828,7503710,7964427
India,Manipur,75,1202141,337749166,281,3751306,2812028,939277,1780827,1975816,1976541,2237916,2019280,2298581,1808605,2801492,2610502,1866395,2701095,3608474,4237872,5460959,5446751,8430319,7548940,5204045,5442751,5568948
India,Meghalaya,0,2251620,378297177,168,,,,,,,,,,,,,,,,,,,,,,,
India,Meghalaya,10,1795672,376937744,210,,,,,,,,,,,,,,,,,,,,,,,
India,Meghalaya,15,1751141,372158615,213,,,,,,,,,,,,,,,,,,,,,,,
India,Meghalaya,20,1736197,370553869,213,,,,,,,,,,,,,,,,,,,,,,,
India,Meghalaya,25,1720659,368787077,214,,,,,,,,,,,,,,,,,,,,,,,
India,Meghalaya,30,1683888,364669964,217,4927567,6470805,-1543238,2413930,1837178,1147868,3010569,2205843,2744855,3557132,3945291,2769907,3559758,3029217,2983245,4109080,9073774,8372509,10695368,11814682,7409386,6859710,7012034
India,Meghalaya,50,1527311,343378764,225,4743078,5785679,-1042601,2389379,1811754,1133553,2963730,2169238,2699443,3498753,3879869,2728990,3500907,2976001,2879043,3902523,8596315,8001011,10201276,11266439,7017497,6556074,6689756
India,Meghalaya,75,852277,217620918,255,3207506,2944291,263215,2053021,1499547,960952,2486345,1776633,2236186,2919608,3223018,2265365,2904706,2459003,2175124,2390362,4789432,4820941,6217825,6808180,4073029,3959476,4131371
India,Mizoram,0,2125175,462355973,218,,,,,,,,,,,,,,,,,,,,,,,
India,Mizoram,10,1983904,461563895,233,,,,,,,,,,,,,,,,,,,,,,,
India,Mizoram,15,1965991,459471251,234,,,,,,,,,,,,,,,,,,,,,,,
India,Mizoram,20,1956647,458358453,234,,,,,,,,,,,,,,,,,,,,,,,
India,Mizoram,25,1948528,457385740,235,,,,,,,,,,,,,,,,,,,,,,,
India,Mizoram,30,1931959,455341439,236,6151776,8393587,-2241810,2311016,2161980,1840389,2304927,2355608,1798606,793788,1890496,2111541,1456003,1667020,3286200,4671432,8477024,10620500,16911644,21654322,12258088,12053939,12411001
India,Mizoram,50,1854911,444910791,240,5891255,8056689,-2165434,2292907,2147850,1822806,2278038,2324870,1778099,789108,1871919,2088910,1442266,1643174,3180447,4461529,8061719,10125045,16124388,20686849,11587487,11422504,11695193
India,Mizoram,75,1475284,376179639,255,4402819,6353894,-1951074,2061296,1957941,1668711,2076201,2102590,1612784,735885,1676744,1871579,1287833,1466845,2663117,3267060,5629060,7217314,11736093,15233702,7919853,7875589,7996188
India,NCT of Delhi,0,150220,110663,1,,,,,,,,,,,,,,,,,,,,,,,
India,NCT of Delhi,10,783,90922,116,,,,,,,,,,,,,,,,,,,,,,,
India,NCT of Delhi,15,534,62132,116,,,,,,,,,,,,,,,,,,,,,,,
India,NCT of Delhi,20,463,54224,117,,,,,,,,,,,,,,,,,,,,,,,
India,NCT of Delhi,25,371,44118,119,,,,,,,,,,,,,,,,,,,,,,,
India,NCT of Delhi,30,263,33200,126,199,2024,-1825,20,0,53,216,232,340,857,912,391,365,58,539,0,0,0,0,0,0,0,0
India,NCT of Delhi,50,35,5142,145,115,313,-198,0,0,0,163,40,192,655,400,334,203,0,309,0,0,0,0,0,0,0,0
India,NCT of Delhi,75,3,583,172,21,28,-7,0,0,0,79,0,59,25,62,186,0,0,0,0,0,0,0,0,0,0,0
India,Nagaland,0,1659962,348642990,210,,,,,,,,,,,,,,,,,,,,,,,
India,Nagaland,10,1357617,347210325,256,,,,,,,,,,,,,,,,,,,,,,,
India,Nagaland,15,1337900,344881312,258,,,,,,,,,,,,,,,,,,,,,,,
India,Nagaland,20,1330964,344105137,259,,,,,,,,,,,,,,,,,,,,,,,
India,Nagaland,25,1323041,343195895,259,,,,,,,,,,,,,,,,,,,,,,,
India,Nagaland,30,1310344,341732931,261,5788984,2705177,3083807,6205865,3810078,3530383,4960682,4598647,3504446,2459444,3388430,3435833,2328746,3391361,5457396,5751126,10149415,8785877,10972129,11005191,7720765,6053606,8270262
India,Nagaland,50,1237705,331661006,268,5523795,2508616,3015179,6142186,3759267,3497015,4902056,4539084,3466529,2424344,3337984,3373209,2293192,3328723,5192865,5400132,9535589,8271023,10348007,10294067,7113726,5627464,7629438
India,Nagaland,75,939432,274340377,292,4386067,1734006,2652061,5646658,3380264,3201278,4452182,4109446,3189072,2179223,2979761,2932648,2019050,2935768,4242590,3945078,6916917,6085246,7832624,7510358,4933450,3989612,5240121
India,Odisha,0,15563805,684866640,44,,,,,,,,,,,,,,,,,,,,,,,
India,Odisha,10,3776619,682482443,181,,,,,,,,,,,,,,,,,,,,,,,
India,Odisha,15,3395657,637448701,188,,,,,,,,,,,,,,,,,,,,,,,
India,Odisha,20,3251213,618776589,190,,,,,,,,,,,,,,,,,,,,,,,
India,Odisha,25,3018419,585229547,194,,,,,,,,,,,,,,,,,,,,,,,
India,Odisha,30,2680194,537307568,200,2509634,6119288,-3609654,1411949,1790992,2509477,2002621,1641017,1889293,2597146,2644299,2239108,1101110,2580982,1679316,2097950,3115949,1607371,3591862,4284995,4144448,3383812,3878982
India,Odisha,50,1567786,342704425,219,1871905,3302012,-1430107,1249354,1443630,2148952,1598138,1346089,1487714,2116683,2200768,1932705,874823,2076352,1265058,1464720,2121698,1080596,2421943,2909739,2807408,2273290,2618431
India,Odisha,75,104806,26211607,250,490201,178587,311614,759926,656741,1037682,662523,609550,549269,759218,812098,836955,353063,850889,457025,129969,162395,84837,179408,229428,276441,191098,205506
India,Puducherry,0,54733,1494744,27,,,,,,,,,,,,,,,,,,,,,,,
India,Puducherry,10,8611,1448936,168,,,,,,,,,,,,,,,,,,,,,,,
India,Puducherry,15,8011,1383945,173,,,,,,,,,,,,,,,,,,,,,,,
India,Puducherry,20,7811,1359542,174,,,,,,,,,,,,,,,,,,,,,,,
India,Puducherry,25,7529,1323230,176,,,,,,,,,,,,,,,,,,,,,,,
India,Puducherry,30,6911,1244069,180,3555,34513,-30958,647,550,405,919,2144,873,6857,7855,3955,992,2603,2085,2291,2067,1350,13040,4364,4985,4505,8620
India,Puducherry,50,5125,968450,189,3067,25277,-22210,619,502,260,699,1950,752,6251,7314,3406,858,2243,1799,2197,1854,1273,11307,3546,3922,3044,7546
India,Puducherry,75,1258,257156,204,867,6175,-5308,281,105,146,152,230,241,1967,2648,467,136,523,704,571,799,427,3197,856,1082,526,2286
India,Punjab,0,5022577,15655151,3,,,,,,,,,,,,,,,,,,,,,,,
India,Punjab,10,93790,14435385,154,,,,,,,,,,,,,,,,,,,,,,,
India,Punjab,15,88135,13811955,157,,,,,,,,,,,,,,,,,,,,,,,
India,Punjab,20,84645,13409556,158,,,,,,,,,,,,,,,,,,,,,,,
India,Punjab,25,80629,12916513,160,,,,,,,,,,,,,,,,,,,,,,,
India,Punjab,30,74700,12218251,164,19414,231965,-212551,31989,27878,21599,34166,37714,28743,31701,25532,28123,30006,14482,47212,7356,11507,599,371,0,3473,3040,2791
India,Punjab,50,47188,8087243,171,15954,145163,-129209,29194,24098,18371,28717,32443,24725,24713,18712,23507,25054,11354,38982,4776,8972,311,236,0,1893,1374,1651
India,Punjab,75,14595,2560565,175,8481,42733,-34252,20399,12733,9732,16192,18721,15237,11967,7768,11907,12631,5758,20390,1435,3528,166,21,0,223,153,670
India,Rajasthan,0,34190098,8395641,0,,,,,,,,,,,,,,,,,,,,,,,
India,Rajasthan,10,46299,7708479,166,,,,,,,,,,,,,,,,,,,,,,,
India,Rajasthan,15,27617,4805396,174,,,,,,,,,,,,,,,,,,,,,,,
India,Rajasthan,20,22609,4026245,178,,,,,,,,,,,,,,,,,,,,,,,
India,Rajasthan,25,13789,2594280,188,,,,,,,,,,,,,,,,,,,,,,,
India,Rajasthan,30,12039,2325993,193,5122,37682,-32560,6356,6543,6817,11594,8874,5514,12487,12773,12093,3020,7143,9211,0,22,0,0,0,0,0,0
India,Rajasthan,50,2335,508743,218,4141,7076,-2935,5393,4622,5907,9775,7593,4587,10232,10674,10513,2084,3754,7669,0,22,0,0,0,0,0,0
India,Rajasthan,75,539,122276,227,2083,1638,445,2989,2090,3657,6023,4744,2048,2271,4887,7761,870,936,3382,0,0,0,0,0,0,0,0
India,Sikkim,0,708307,71027134,100,,,,,,,,,,,,,,,,,,,,,,,
India,Sikkim,10,272100,68566708,252,,,,,,,,,,,,,,,,,,,,,,,
India,Sikkim,15,261454,67154494,257,,,,,,,,,,,,,,,,,,,,,,,
India,Sikkim,20,259945,66950081,258,,,,,,,,,,,,,,,,,,,,,,,
India,Sikkim,25,257823,66687714,259,,,,,,,,,,,,,,,,,,,,,,,
India,Sikkim,30,250451,65497824,262,39243,351954,-312712,16436,4870,6640,31844,15138,6572,53947,70193,80032,45827,156187,46066,10204,10285,3199,23366,30118,32585,78772,62572
India,Sikkim,50,210073,58259051,277,35125,275425,-240301,13026,4477,5844,29894,13782,6153,49653,65572,74267,42739,148073,42396,7745,7709,2974,19402,22800,26776,66795,52416
India,Sikkim,75,107421,33195405,309,22142,114793,-92651,8801,2901,3685,21983,8536,4237,30410,42179,54086,33651,115623,31369,3424,2127,1156,6567,9655,10659,28856,22938
India,Tamil Nadu,0,13028087,266555251,20,,,,,,,,,,,,,,,,,,,,,,,
India,Tamil Nadu,10,1607799,263452120,164,,,,,,,,,,,,,,,,,,,,,,,
India,Tamil Nadu,15,1476596,250611311,170,,,,,,,,,,,,,,,,,,,,,,,
India,Tamil Nadu,20,1412456,243875619,173,,,,,,,,,,,,,,,,,,,,,,,
India,Tamil Nadu,25,1341990,236406701,176,,,,,,,,,,,,,,,,,,,,,,,
India,Tamil Nadu,30,1230520,224857988,183,585487,4011918,-3426431,1120887,443773,247063,615322,446065,822251,842440,605748,200342,40919,583604,733656,289433,457527,470255,602028,707679,889587,1002326,588825
India,Tamil Nadu,50,923308,185079443,200,534077,3005022,-2470945,1095873,417154,228337,568627,424583,782854,796180,564600,183257,37893,529619,665343,259264,411161,432252,538877,625265,771966,844623,503810
India,Tamil Nadu,75,402272,97868674,243,363415,1269498,-906083,1007057,328344,166146,439996,342072,612134,597979,421540,121848,22803,354018,467605,159872,243580,258957,276579,323552,411850,472691,239679
India,Telangana,0,11471211,158484658,14,,,,,,,,,,,,,,,,,,,,,,,
India,Telangana,10,1139909,157069638,138,,,,,,,,,,,,,,,,,,,,,,,
India,Telangana,15,970654,138801421,143,,,,,,,,,,,,,,,,,,,,,,,
India,Telangana,20,920978,133239775,145,,,,,,,,,,,,,,,,,,,,,,,
India,Telangana,25,845132,124249972,147,,,,,,,,,,,,,,,,,,,,,,,
India,Telangana,30,663616,104513987,157,689939,2269376,-1579437,372091,307592,414558,424268,465223,649291,811511,1512072,1909825,403778,2409099,1944026,339275,894396,100184,153960,137378,175670,267493,107090
India,Telangana,50,431620,73550631,170,467693,1449435,-981742,279751,200394,278741,259891,301733,411309,542703,1035629,1316467,283731,1592765,1396392,201711,607983,73257,106947,99874,125669,170189,68724
India,Telangana,75,59026,13089507,222,57224,165363,-108138,102230,34782,56582,39541,52731,56735,58579,111358,154632,40559,172738,167071,5650,21149,8432,13153,11318,16287,13788,7173
India,Tripura,0,1053626,141018904,134,,,,,,,,,,,,,,,,,,,,,,,
India,Tripura,10,757362,140580804,186,,,,,,,,,,,,,,,,,,,,,,,
India,Tripura,15,726046,137311312,189,,,,,,,,,,,,,,,,,,,,,,,
India,Tripura,20,714363,136034036,190,,,,,,,,,,,,,,,,,,,,,,,
India,Tripura,25,701385,134514972,192,,,,,,,,,,,,,,,,,,,,,,,
India,Tripura,30,669293,130815887,195,2692970,3545395,-852425,1637150,975032,595134,1423782,751153,3131866,2897385,2653273,2489075,1686201,1276161,1088603,1302790,2685436,2083751,2738316,8257707,3908220,5881772,6396596
India,Tripura,50,582051,118889742,204,2596624,3090928,-494304,1625245,957668,581331,1392625,733026,3061552,2830941,2571125,2412919,1630570,1232834,1052256,1222146,2548998,1983712,2590597,7961697,3727350,5652462,6163435
India,Tripura,75,210173,47965606,228,1463704,1079872,383832,1486359,818263,466368,1117093,592857,2409088,2224805,1890892,1786771,1214546,877382,787351,401713,961021,803148,1100620,3655114,1515845,2488732,2676113
India,Uttar Pradesh,0,24075139,120493068,5,,,,,,,,,,,,,,,,,,,,,,,
India,Uttar Pradesh,10,599914,116512028,194,,,,,,,,,,,,,,,,,,,,,,,
India,Uttar Pradesh,15,509796,105117550,206,,,,,,,,,,,,,,,,,,,,,,,
India,Uttar Pradesh,20,490902,102363945,209,,,,,,,,,,,,,,,,,,,,,,,
India,Uttar Pradesh,25,442885,95428775,215,,,,,,,,,,,,,,,,,,,,,,,
India,Uttar Pradesh,30,359975,86358151,240,90506,857423,-766917,225614,61133,42398,102000,102687,162306,152759,99937,143405,94378,215720,198381,29283,44222,29251,47639,19191,31778,4951,3091
India,Uttar Pradesh,50,217561,56505775,260,54749,507596,-452848,176455,43494,27974,64668,61231,114926,88130,56580,92310,45229,139474,126321,13065,10526,5632,4040,11639,9863,1129,2287
India,Uttar Pradesh,75,29301,7420388,253,21988,78312,-56324,86846,21364,10254,27599,28423,46343,34100,20018,33102,11556,54998,55356,1966,633,444,518,1773,3740,233,491
India,Uttarakhand,0,5380852,547154010,102,,,,,,,,,,,,,,,,,,,,,,,
India,Uttarakhand,10,2149827,535881091,249,,,,,,,,,,,,,,,,,,,,,,,
India,Uttarakhand,15,2062272,523766032,254,,,,,,,,,,,,,,,,,,,,,,,
India,Uttarakhand,20,2040365,520561603,255,,,,,,,,,,,,,,,,,,,,,,,
India,Uttarakhand,25,2001006,514625181,257,,,,,,,,,,,,,,,,,,,,,,,
India,Uttarakhand,30,1948840,506962524,260,428493,8122710,-7694217,161485,282617,127115,404244,324783,511847,475124,813991,508796,362215,428239,778675,257020,338530,448448,502953,406339,385144,460222,592073
India,Uttarakhand,50,1637553,446267464,273,379216,6772147,-6392931,145526,257769,108319,369757,280942,456340,428155,737435,448866,327634,357073,708669,217470,294007,377718,422793,362009,358705,397885,527243
India,Uttarakhand,75,973083,281335022,289,235809,3879361,-3643552,104336,203333,75177,262446,192761,293231,274152,499092,315389,228564,197685,498082,111784,167102,184607,265813,164345,207967,228677,241641
India,West Bengal,0,8536526,105046468,12,,,,,,,,,,,,,,,,,,,,,,,
India,West Bengal,10,677196,103492516,153,,,,,,,,,,,,,,,,,,,,,,,
India,West Bengal,15,508578,88390232,174,,,,,,,,,,,,,,,,,,,,,,,
India,West Bengal,20,482327,85895553,178,,,,,,,,,,,,,,,,,,,,,,,
India,West Bengal,25,441567,81369061,184,,,,,,,,,,,,,,,,,,,,,,,
India,West Bengal,30,407919,77433108,190,289467,2104726,-1815258,191331,165588,82772,237164,186030,333821,675119,634438,386221,828852,399305,519785,136784,270269,65268,105889,198355,118783,132669,120900
India,West Bengal,50,290585,62034728,213,239139,1477944,-1238805,170835,137758,69344,167417,154386,267063,587066,546664,331290,720414,341797,426150,95450,195540,53308,82744,161612,91916,98574,83457
India,West Bengal,75,91425,25271420,276,107412,215915,-108503,120748,75002,39842,79331,87403,137566,314370,290954,175388,332879,155368,194062,14095,25326,7095,16350,35056,15405,16086,15913
